ID,t2,anatomy
ProstateX-0000,PROSTATEx/images/ProstateX-0000.nii.gz,PROSTATEx/anatomy/ProstateX-0000.nii.gz
ProstateX-0001,PROSTATEx/images/ProstateX-0001.nii.gz,PROSTATEx/anatomy/ProstateX-0001.nii.gz
ProstateX-0002,PROSTATEx/images/ProstateX-0002.nii.gz,PROSTATEx/anatomy/ProstateX-0002.nii.gz
ProstateX-0003,PROSTATEx/images/ProstateX-0003.nii.gz,PROSTATEx/anatomy/ProstateX-0003.nii.gz
ProstateX-0004,PROSTATEx/images/ProstateX-0004.nii.gz,PROSTATEx/anatomy/ProstateX-0004.nii.gz
ProstateX-0005,PROSTATEx/images/ProstateX-0005.nii.gz,PROSTATEx/anatomy/ProstateX-0005.nii.gz
ProstateX-0006,PROSTATEx/images/ProstateX-0006.nii.gz,PROSTATEx/anatomy/ProstateX-0006.nii.gz
ProstateX-0007,PROSTATEx/images/ProstateX-0007.nii.gz,PROSTATEx/anatomy/ProstateX-0007.nii.gz
ProstateX-0008,PROSTATEx/images/ProstateX-0008.nii.gz,PROSTATEx/anatomy/ProstateX-0008.nii.gz
ProstateX-0009,PROSTATEx/images/ProstateX-0009.nii.gz,PROSTATEx/anatomy/ProstateX-0009.nii.gz
ProstateX-0010,PROSTATEx/images/ProstateX-0010.nii.gz,PROSTATEx/anatomy/ProstateX-0010.nii.gz
ProstateX-0011,PROSTATEx/images/ProstateX-0011.nii.gz,PROSTATEx/anatomy/ProstateX-0011.nii.gz
ProstateX-0012,PROSTATEx/images/ProstateX-0012.nii.gz,PROSTATEx/anatomy/ProstateX-0012.nii.gz
ProstateX-0013,PROSTATEx/images/ProstateX-0013.nii.gz,PROSTATEx/anatomy/ProstateX-0013.nii.gz
ProstateX-0014,PROSTATEx/images/ProstateX-0014.nii.gz,PROSTATEx/anatomy/ProstateX-0014.nii.gz
ProstateX-0015,PROSTATEx/images/ProstateX-0015.nii.gz,PROSTATEx/anatomy/ProstateX-0015.nii.gz
ProstateX-0016,PROSTATEx/images/ProstateX-0016.nii.gz,PROSTATEx/anatomy/ProstateX-0016.nii.gz
ProstateX-0017,PROSTATEx/images/ProstateX-0017.nii.gz,PROSTATEx/anatomy/ProstateX-0017.nii.gz
ProstateX-0018,PROSTATEx/images/ProstateX-0018.nii.gz,PROSTATEx/anatomy/ProstateX-0018.nii.gz
ProstateX-0019,PROSTATEx/images/ProstateX-0019.nii.gz,PROSTATEx/anatomy/ProstateX-0019.nii.gz
ProstateX-0020,PROSTATEx/images/ProstateX-0020.nii.gz,PROSTATEx/anatomy/ProstateX-0020.nii.gz
ProstateX-0021,PROSTATEx/images/ProstateX-0021.nii.gz,PROSTATEx/anatomy/ProstateX-0021.nii.gz
ProstateX-0022,PROSTATEx/images/ProstateX-0022.nii.gz,PROSTATEx/anatomy/ProstateX-0022.nii.gz
ProstateX-0023,PROSTATEx/images/ProstateX-0023.nii.gz,PROSTATEx/anatomy/ProstateX-0023.nii.gz
ProstateX-0024,PROSTATEx/images/ProstateX-0024.nii.gz,PROSTATEx/anatomy/ProstateX-0024.nii.gz
ProstateX-0025,PROSTATEx/images/ProstateX-0025.nii.gz,PROSTATEx/anatomy/ProstateX-0025.nii.gz
ProstateX-0026,PROSTATEx/images/ProstateX-0026.nii.gz,PROSTATEx/anatomy/ProstateX-0026.nii.gz
ProstateX-0027,PROSTATEx/images/ProstateX-0027.nii.gz,PROSTATEx/anatomy/ProstateX-0027.nii.gz
ProstateX-0028,PROSTATEx/images/ProstateX-0028.nii.gz,PROSTATEx/anatomy/ProstateX-0028.nii.gz
ProstateX-0029,PROSTATEx/images/ProstateX-0029.nii.gz,PROSTATEx/anatomy/ProstateX-0029.nii.gz
ProstateX-0030,PROSTATEx/images/ProstateX-0030.nii.gz,PROSTATEx/anatomy/ProstateX-0030.nii.gz
ProstateX-0031,PROSTATEx/images/ProstateX-0031.nii.gz,PROSTATEx/anatomy/ProstateX-0031.nii.gz
ProstateX-0032,PROSTATEx/images/ProstateX-0032.nii.gz,PROSTATEx/anatomy/ProstateX-0032.nii.gz
ProstateX-0033,PROSTATEx/images/ProstateX-0033.nii.gz,PROSTATEx/anatomy/ProstateX-0033.nii.gz
ProstateX-0034,PROSTATEx/images/ProstateX-0034.nii.gz,PROSTATEx/anatomy/ProstateX-0034.nii.gz
ProstateX-0035,PROSTATEx/images/ProstateX-0035.nii.gz,PROSTATEx/anatomy/ProstateX-0035.nii.gz
ProstateX-0036,PROSTATEx/images/ProstateX-0036.nii.gz,PROSTATEx/anatomy/ProstateX-0036.nii.gz
ProstateX-0037,PROSTATEx/images/ProstateX-0037.nii.gz,PROSTATEx/anatomy/ProstateX-0037.nii.gz
ProstateX-0038,PROSTATEx/images/ProstateX-0038.nii.gz,PROSTATEx/anatomy/ProstateX-0038.nii.gz
ProstateX-0039,PROSTATEx/images/ProstateX-0039.nii.gz,PROSTATEx/anatomy/ProstateX-0039.nii.gz
ProstateX-0040,PROSTATEx/images/ProstateX-0040.nii.gz,PROSTATEx/anatomy/ProstateX-0040.nii.gz
ProstateX-0041,PROSTATEx/images/ProstateX-0041.nii.gz,PROSTATEx/anatomy/ProstateX-0041.nii.gz
ProstateX-0042,PROSTATEx/images/ProstateX-0042.nii.gz,PROSTATEx/anatomy/ProstateX-0042.nii.gz
ProstateX-0043,PROSTATEx/images/ProstateX-0043.nii.gz,PROSTATEx/anatomy/ProstateX-0043.nii.gz
ProstateX-0044,PROSTATEx/images/ProstateX-0044.nii.gz,PROSTATEx/anatomy/ProstateX-0044.nii.gz
ProstateX-0045,PROSTATEx/images/ProstateX-0045.nii.gz,PROSTATEx/anatomy/ProstateX-0045.nii.gz
ProstateX-0046,PROSTATEx/images/ProstateX-0046.nii.gz,PROSTATEx/anatomy/ProstateX-0046.nii.gz
ProstateX-0047,PROSTATEx/images/ProstateX-0047.nii.gz,PROSTATEx/anatomy/ProstateX-0047.nii.gz
ProstateX-0048,PROSTATEx/images/ProstateX-0048.nii.gz,PROSTATEx/anatomy/ProstateX-0048.nii.gz
ProstateX-0049,PROSTATEx/images/ProstateX-0049.nii.gz,PROSTATEx/anatomy/ProstateX-0049.nii.gz
ProstateX-0050,PROSTATEx/images/ProstateX-0050.nii.gz,PROSTATEx/anatomy/ProstateX-0050.nii.gz
ProstateX-0051,PROSTATEx/images/ProstateX-0051.nii.gz,PROSTATEx/anatomy/ProstateX-0051.nii.gz
ProstateX-0052,PROSTATEx/images/ProstateX-0052.nii.gz,PROSTATEx/anatomy/ProstateX-0052.nii.gz
ProstateX-0053,PROSTATEx/images/ProstateX-0053.nii.gz,PROSTATEx/anatomy/ProstateX-0053.nii.gz
ProstateX-0054,PROSTATEx/images/ProstateX-0054.nii.gz,PROSTATEx/anatomy/ProstateX-0054.nii.gz
ProstateX-0055,PROSTATEx/images/ProstateX-0055.nii.gz,PROSTATEx/anatomy/ProstateX-0055.nii.gz
ProstateX-0056,PROSTATEx/images/ProstateX-0056.nii.gz,PROSTATEx/anatomy/ProstateX-0056.nii.gz
ProstateX-0057,PROSTATEx/images/ProstateX-0057.nii.gz,PROSTATEx/anatomy/ProstateX-0057.nii.gz
ProstateX-0058,PROSTATEx/images/ProstateX-0058.nii.gz,PROSTATEx/anatomy/ProstateX-0058.nii.gz
ProstateX-0059,PROSTATEx/images/ProstateX-0059.nii.gz,PROSTATEx/anatomy/ProstateX-0059.nii.gz
ProstateX-0060,PROSTATEx/images/ProstateX-0060.nii.gz,PROSTATEx/anatomy/ProstateX-0060.nii.gz
ProstateX-0061,PROSTATEx/images/ProstateX-0061.nii.gz,PROSTATEx/anatomy/ProstateX-0061.nii.gz
ProstateX-0062,PROSTATEx/images/ProstateX-0062.nii.gz,PROSTATEx/anatomy/ProstateX-0062.nii.gz
ProstateX-0063,PROSTATEx/images/ProstateX-0063.nii.gz,PROSTATEx/anatomy/ProstateX-0063.nii.gz
ProstateX-0064,PROSTATEx/images/ProstateX-0064.nii.gz,PROSTATEx/anatomy/ProstateX-0064.nii.gz
ProstateX-0065,PROSTATEx/images/ProstateX-0065.nii.gz,PROSTATEx/anatomy/ProstateX-0065.nii.gz
ProstateX-0066,PROSTATEx/images/ProstateX-0066.nii.gz,PROSTATEx/anatomy/ProstateX-0066.nii.gz
ProstateX-0067,PROSTATEx/images/ProstateX-0067.nii.gz,PROSTATEx/anatomy/ProstateX-0067.nii.gz
ProstateX-0068,PROSTATEx/images/ProstateX-0068.nii.gz,PROSTATEx/anatomy/ProstateX-0068.nii.gz
ProstateX-0069,PROSTATEx/images/ProstateX-0069.nii.gz,PROSTATEx/anatomy/ProstateX-0069.nii.gz
ProstateX-0070,PROSTATEx/images/ProstateX-0070.nii.gz,PROSTATEx/anatomy/ProstateX-0070.nii.gz
ProstateX-0071,PROSTATEx/images/ProstateX-0071.nii.gz,PROSTATEx/anatomy/ProstateX-0071.nii.gz
ProstateX-0072,PROSTATEx/images/ProstateX-0072.nii.gz,PROSTATEx/anatomy/ProstateX-0072.nii.gz
ProstateX-0073,PROSTATEx/images/ProstateX-0073.nii.gz,PROSTATEx/anatomy/ProstateX-0073.nii.gz
ProstateX-0074,PROSTATEx/images/ProstateX-0074.nii.gz,PROSTATEx/anatomy/ProstateX-0074.nii.gz
ProstateX-0075,PROSTATEx/images/ProstateX-0075.nii.gz,PROSTATEx/anatomy/ProstateX-0075.nii.gz
ProstateX-0076,PROSTATEx/images/ProstateX-0076.nii.gz,PROSTATEx/anatomy/ProstateX-0076.nii.gz
ProstateX-0077,PROSTATEx/images/ProstateX-0077.nii.gz,PROSTATEx/anatomy/ProstateX-0077.nii.gz
ProstateX-0078,PROSTATEx/images/ProstateX-0078.nii.gz,PROSTATEx/anatomy/ProstateX-0078.nii.gz
ProstateX-0079,PROSTATEx/images/ProstateX-0079.nii.gz,PROSTATEx/anatomy/ProstateX-0079.nii.gz
ProstateX-0080,PROSTATEx/images/ProstateX-0080.nii.gz,PROSTATEx/anatomy/ProstateX-0080.nii.gz
ProstateX-0081,PROSTATEx/images/ProstateX-0081.nii.gz,PROSTATEx/anatomy/ProstateX-0081.nii.gz
ProstateX-0082,PROSTATEx/images/ProstateX-0082.nii.gz,PROSTATEx/anatomy/ProstateX-0082.nii.gz
ProstateX-0083,PROSTATEx/images/ProstateX-0083.nii.gz,PROSTATEx/anatomy/ProstateX-0083.nii.gz
ProstateX-0084,PROSTATEx/images/ProstateX-0084.nii.gz,PROSTATEx/anatomy/ProstateX-0084.nii.gz
ProstateX-0085,PROSTATEx/images/ProstateX-0085.nii.gz,PROSTATEx/anatomy/ProstateX-0085.nii.gz
ProstateX-0086,PROSTATEx/images/ProstateX-0086.nii.gz,PROSTATEx/anatomy/ProstateX-0086.nii.gz
ProstateX-0087,PROSTATEx/images/ProstateX-0087.nii.gz,PROSTATEx/anatomy/ProstateX-0087.nii.gz
ProstateX-0088,PROSTATEx/images/ProstateX-0088.nii.gz,PROSTATEx/anatomy/ProstateX-0088.nii.gz
ProstateX-0089,PROSTATEx/images/ProstateX-0089.nii.gz,PROSTATEx/anatomy/ProstateX-0089.nii.gz
ProstateX-0090,PROSTATEx/images/ProstateX-0090.nii.gz,PROSTATEx/anatomy/ProstateX-0090.nii.gz
ProstateX-0091,PROSTATEx/images/ProstateX-0091.nii.gz,PROSTATEx/anatomy/ProstateX-0091.nii.gz
ProstateX-0092,PROSTATEx/images/ProstateX-0092.nii.gz,PROSTATEx/anatomy/ProstateX-0092.nii.gz
ProstateX-0093,PROSTATEx/images/ProstateX-0093.nii.gz,PROSTATEx/anatomy/ProstateX-0093.nii.gz
ProstateX-0094,PROSTATEx/images/ProstateX-0094.nii.gz,PROSTATEx/anatomy/ProstateX-0094.nii.gz
ProstateX-0095,PROSTATEx/images/ProstateX-0095.nii.gz,PROSTATEx/anatomy/ProstateX-0095.nii.gz
ProstateX-0096,PROSTATEx/images/ProstateX-0096.nii.gz,PROSTATEx/anatomy/ProstateX-0096.nii.gz
ProstateX-0097,PROSTATEx/images/ProstateX-0097.nii.gz,PROSTATEx/anatomy/ProstateX-0097.nii.gz
ProstateX-0098,PROSTATEx/images/ProstateX-0098.nii.gz,PROSTATEx/anatomy/ProstateX-0098.nii.gz
ProstateX-0099,PROSTATEx/images/ProstateX-0099.nii.gz,PROSTATEx/anatomy/ProstateX-0099.nii.gz
ProstateX-0100,PROSTATEx/images/ProstateX-0100.nii.gz,PROSTATEx/anatomy/ProstateX-0100.nii.gz
ProstateX-0101,PROSTATEx/images/ProstateX-0101.nii.gz,PROSTATEx/anatomy/ProstateX-0101.nii.gz
ProstateX-0102,PROSTATEx/images/ProstateX-0102.nii.gz,PROSTATEx/anatomy/ProstateX-0102.nii.gz
ProstateX-0103,PROSTATEx/images/ProstateX-0103.nii.gz,PROSTATEx/anatomy/ProstateX-0103.nii.gz
ProstateX-0104,PROSTATEx/images/ProstateX-0104.nii.gz,PROSTATEx/anatomy/ProstateX-0104.nii.gz
ProstateX-0105,PROSTATEx/images/ProstateX-0105.nii.gz,PROSTATEx/anatomy/ProstateX-0105.nii.gz
ProstateX-0106,PROSTATEx/images/ProstateX-0106.nii.gz,PROSTATEx/anatomy/ProstateX-0106.nii.gz
ProstateX-0107,PROSTATEx/images/ProstateX-0107.nii.gz,PROSTATEx/anatomy/ProstateX-0107.nii.gz
ProstateX-0108,PROSTATEx/images/ProstateX-0108.nii.gz,PROSTATEx/anatomy/ProstateX-0108.nii.gz
ProstateX-0109,PROSTATEx/images/ProstateX-0109.nii.gz,PROSTATEx/anatomy/ProstateX-0109.nii.gz
ProstateX-0110,PROSTATEx/images/ProstateX-0110.nii.gz,PROSTATEx/anatomy/ProstateX-0110.nii.gz
ProstateX-0111,PROSTATEx/images/ProstateX-0111.nii.gz,PROSTATEx/anatomy/ProstateX-0111.nii.gz
ProstateX-0112,PROSTATEx/images/ProstateX-0112.nii.gz,PROSTATEx/anatomy/ProstateX-0112.nii.gz
ProstateX-0113,PROSTATEx/images/ProstateX-0113.nii.gz,PROSTATEx/anatomy/ProstateX-0113.nii.gz
ProstateX-0114,PROSTATEx/images/ProstateX-0114.nii.gz,PROSTATEx/anatomy/ProstateX-0114.nii.gz
ProstateX-0115,PROSTATEx/images/ProstateX-0115.nii.gz,PROSTATEx/anatomy/ProstateX-0115.nii.gz
ProstateX-0116,PROSTATEx/images/ProstateX-0116.nii.gz,PROSTATEx/anatomy/ProstateX-0116.nii.gz
ProstateX-0117,PROSTATEx/images/ProstateX-0117.nii.gz,PROSTATEx/anatomy/ProstateX-0117.nii.gz
ProstateX-0118,PROSTATEx/images/ProstateX-0118.nii.gz,PROSTATEx/anatomy/ProstateX-0118.nii.gz
ProstateX-0119,PROSTATEx/images/ProstateX-0119.nii.gz,PROSTATEx/anatomy/ProstateX-0119.nii.gz
ProstateX-0120,PROSTATEx/images/ProstateX-0120.nii.gz,PROSTATEx/anatomy/ProstateX-0120.nii.gz
ProstateX-0121,PROSTATEx/images/ProstateX-0121.nii.gz,PROSTATEx/anatomy/ProstateX-0121.nii.gz
ProstateX-0122,PROSTATEx/images/ProstateX-0122.nii.gz,PROSTATEx/anatomy/ProstateX-0122.nii.gz
ProstateX-0123,PROSTATEx/images/ProstateX-0123.nii.gz,PROSTATEx/anatomy/ProstateX-0123.nii.gz
ProstateX-0124,PROSTATEx/images/ProstateX-0124.nii.gz,PROSTATEx/anatomy/ProstateX-0124.nii.gz
ProstateX-0125,PROSTATEx/images/ProstateX-0125.nii.gz,PROSTATEx/anatomy/ProstateX-0125.nii.gz
ProstateX-0126,PROSTATEx/images/ProstateX-0126.nii.gz,PROSTATEx/anatomy/ProstateX-0126.nii.gz
ProstateX-0127,PROSTATEx/images/ProstateX-0127.nii.gz,PROSTATEx/anatomy/ProstateX-0127.nii.gz
ProstateX-0128,PROSTATEx/images/ProstateX-0128.nii.gz,PROSTATEx/anatomy/ProstateX-0128.nii.gz
ProstateX-0129,PROSTATEx/images/ProstateX-0129.nii.gz,PROSTATEx/anatomy/ProstateX-0129.nii.gz
ProstateX-0130,PROSTATEx/images/ProstateX-0130.nii.gz,PROSTATEx/anatomy/ProstateX-0130.nii.gz
ProstateX-0131,PROSTATEx/images/ProstateX-0131.nii.gz,PROSTATEx/anatomy/ProstateX-0131.nii.gz
ProstateX-0132,PROSTATEx/images/ProstateX-0132.nii.gz,PROSTATEx/anatomy/ProstateX-0132.nii.gz
ProstateX-0133,PROSTATEx/images/ProstateX-0133.nii.gz,PROSTATEx/anatomy/ProstateX-0133.nii.gz
ProstateX-0134,PROSTATEx/images/ProstateX-0134.nii.gz,PROSTATEx/anatomy/ProstateX-0134.nii.gz
ProstateX-0135,PROSTATEx/images/ProstateX-0135.nii.gz,PROSTATEx/anatomy/ProstateX-0135.nii.gz
ProstateX-0136,PROSTATEx/images/ProstateX-0136.nii.gz,PROSTATEx/anatomy/ProstateX-0136.nii.gz
ProstateX-0137,PROSTATEx/images/ProstateX-0137.nii.gz,PROSTATEx/anatomy/ProstateX-0137.nii.gz
ProstateX-0138,PROSTATEx/images/ProstateX-0138.nii.gz,PROSTATEx/anatomy/ProstateX-0138.nii.gz
ProstateX-0139,PROSTATEx/images/ProstateX-0139.nii.gz,PROSTATEx/anatomy/ProstateX-0139.nii.gz
ProstateX-0140,PROSTATEx/images/ProstateX-0140.nii.gz,PROSTATEx/anatomy/ProstateX-0140.nii.gz
ProstateX-0141,PROSTATEx/images/ProstateX-0141.nii.gz,PROSTATEx/anatomy/ProstateX-0141.nii.gz
ProstateX-0142,PROSTATEx/images/ProstateX-0142.nii.gz,PROSTATEx/anatomy/ProstateX-0142.nii.gz
ProstateX-0143,PROSTATEx/images/ProstateX-0143.nii.gz,PROSTATEx/anatomy/ProstateX-0143.nii.gz
ProstateX-0144,PROSTATEx/images/ProstateX-0144.nii.gz,PROSTATEx/anatomy/ProstateX-0144.nii.gz
ProstateX-0145,PROSTATEx/images/ProstateX-0145.nii.gz,PROSTATEx/anatomy/ProstateX-0145.nii.gz
ProstateX-0146,PROSTATEx/images/ProstateX-0146.nii.gz,PROSTATEx/anatomy/ProstateX-0146.nii.gz
ProstateX-0147,PROSTATEx/images/ProstateX-0147.nii.gz,PROSTATEx/anatomy/ProstateX-0147.nii.gz
ProstateX-0148,PROSTATEx/images/ProstateX-0148.nii.gz,PROSTATEx/anatomy/ProstateX-0148.nii.gz
ProstateX-0149,PROSTATEx/images/ProstateX-0149.nii.gz,PROSTATEx/anatomy/ProstateX-0149.nii.gz
ProstateX-0150,PROSTATEx/images/ProstateX-0150.nii.gz,PROSTATEx/anatomy/ProstateX-0150.nii.gz
ProstateX-0151,PROSTATEx/images/ProstateX-0151.nii.gz,PROSTATEx/anatomy/ProstateX-0151.nii.gz
ProstateX-0152,PROSTATEx/images/ProstateX-0152.nii.gz,PROSTATEx/anatomy/ProstateX-0152.nii.gz
ProstateX-0153,PROSTATEx/images/ProstateX-0153.nii.gz,PROSTATEx/anatomy/ProstateX-0153.nii.gz
ProstateX-0154,PROSTATEx/images/ProstateX-0154.nii.gz,PROSTATEx/anatomy/ProstateX-0154.nii.gz
ProstateX-0155,PROSTATEx/images/ProstateX-0155.nii.gz,PROSTATEx/anatomy/ProstateX-0155.nii.gz
ProstateX-0156,PROSTATEx/images/ProstateX-0156.nii.gz,PROSTATEx/anatomy/ProstateX-0156.nii.gz
ProstateX-0157,PROSTATEx/images/ProstateX-0157.nii.gz,PROSTATEx/anatomy/ProstateX-0157.nii.gz
ProstateX-0158,PROSTATEx/images/ProstateX-0158.nii.gz,PROSTATEx/anatomy/ProstateX-0158.nii.gz
ProstateX-0159,PROSTATEx/images/ProstateX-0159.nii.gz,PROSTATEx/anatomy/ProstateX-0159.nii.gz
ProstateX-0160,PROSTATEx/images/ProstateX-0160.nii.gz,PROSTATEx/anatomy/ProstateX-0160.nii.gz
ProstateX-0161,PROSTATEx/images/ProstateX-0161.nii.gz,PROSTATEx/anatomy/ProstateX-0161.nii.gz
ProstateX-0162,PROSTATEx/images/ProstateX-0162.nii.gz,PROSTATEx/anatomy/ProstateX-0162.nii.gz
ProstateX-0163,PROSTATEx/images/ProstateX-0163.nii.gz,PROSTATEx/anatomy/ProstateX-0163.nii.gz
ProstateX-0164,PROSTATEx/images/ProstateX-0164.nii.gz,PROSTATEx/anatomy/ProstateX-0164.nii.gz
ProstateX-0165,PROSTATEx/images/ProstateX-0165.nii.gz,PROSTATEx/anatomy/ProstateX-0165.nii.gz
ProstateX-0166,PROSTATEx/images/ProstateX-0166.nii.gz,PROSTATEx/anatomy/ProstateX-0166.nii.gz
ProstateX-0167,PROSTATEx/images/ProstateX-0167.nii.gz,PROSTATEx/anatomy/ProstateX-0167.nii.gz
ProstateX-0168,PROSTATEx/images/ProstateX-0168.nii.gz,PROSTATEx/anatomy/ProstateX-0168.nii.gz
ProstateX-0169,PROSTATEx/images/ProstateX-0169.nii.gz,PROSTATEx/anatomy/ProstateX-0169.nii.gz
ProstateX-0170,PROSTATEx/images/ProstateX-0170.nii.gz,PROSTATEx/anatomy/ProstateX-0170.nii.gz
ProstateX-0171,PROSTATEx/images/ProstateX-0171.nii.gz,PROSTATEx/anatomy/ProstateX-0171.nii.gz
ProstateX-0172,PROSTATEx/images/ProstateX-0172.nii.gz,PROSTATEx/anatomy/ProstateX-0172.nii.gz
ProstateX-0173,PROSTATEx/images/ProstateX-0173.nii.gz,PROSTATEx/anatomy/ProstateX-0173.nii.gz
ProstateX-0174,PROSTATEx/images/ProstateX-0174.nii.gz,PROSTATEx/anatomy/ProstateX-0174.nii.gz
ProstateX-0175,PROSTATEx/images/ProstateX-0175.nii.gz,PROSTATEx/anatomy/ProstateX-0175.nii.gz
ProstateX-0176,PROSTATEx/images/ProstateX-0176.nii.gz,PROSTATEx/anatomy/ProstateX-0176.nii.gz
ProstateX-0177,PROSTATEx/images/ProstateX-0177.nii.gz,PROSTATEx/anatomy/ProstateX-0177.nii.gz
ProstateX-0178,PROSTATEx/images/ProstateX-0178.nii.gz,PROSTATEx/anatomy/ProstateX-0178.nii.gz
ProstateX-0179,PROSTATEx/images/ProstateX-0179.nii.gz,PROSTATEx/anatomy/ProstateX-0179.nii.gz
ProstateX-0180,PROSTATEx/images/ProstateX-0180.nii.gz,PROSTATEx/anatomy/ProstateX-0180.nii.gz
ProstateX-0181,PROSTATEx/images/ProstateX-0181.nii.gz,PROSTATEx/anatomy/ProstateX-0181.nii.gz
ProstateX-0182,PROSTATEx/images/ProstateX-0182.nii.gz,PROSTATEx/anatomy/ProstateX-0182.nii.gz
ProstateX-0183,PROSTATEx/images/ProstateX-0183.nii.gz,PROSTATEx/anatomy/ProstateX-0183.nii.gz
ProstateX-0184,PROSTATEx/images/ProstateX-0184.nii.gz,PROSTATEx/anatomy/ProstateX-0184.nii.gz
ProstateX-0185,PROSTATEx/images/ProstateX-0185.nii.gz,PROSTATEx/anatomy/ProstateX-0185.nii.gz
ProstateX-0186,PROSTATEx/images/ProstateX-0186.nii.gz,PROSTATEx/anatomy/ProstateX-0186.nii.gz
ProstateX-0187,PROSTATEx/images/ProstateX-0187.nii.gz,PROSTATEx/anatomy/ProstateX-0187.nii.gz
ProstateX-0188,PROSTATEx/images/ProstateX-0188.nii.gz,PROSTATEx/anatomy/ProstateX-0188.nii.gz
ProstateX-0189,PROSTATEx/images/ProstateX-0189.nii.gz,PROSTATEx/anatomy/ProstateX-0189.nii.gz
ProstateX-0190,PROSTATEx/images/ProstateX-0190.nii.gz,PROSTATEx/anatomy/ProstateX-0190.nii.gz
ProstateX-0191,PROSTATEx/images/ProstateX-0191.nii.gz,PROSTATEx/anatomy/ProstateX-0191.nii.gz
ProstateX-0192,PROSTATEx/images/ProstateX-0192.nii.gz,PROSTATEx/anatomy/ProstateX-0192.nii.gz
ProstateX-0193,PROSTATEx/images/ProstateX-0193.nii.gz,PROSTATEx/anatomy/ProstateX-0193.nii.gz
ProstateX-0194,PROSTATEx/images/ProstateX-0194.nii.gz,PROSTATEx/anatomy/ProstateX-0194.nii.gz
ProstateX-0195,PROSTATEx/images/ProstateX-0195.nii.gz,PROSTATEx/anatomy/ProstateX-0195.nii.gz
ProstateX-0196,PROSTATEx/images/ProstateX-0196.nii.gz,PROSTATEx/anatomy/ProstateX-0196.nii.gz
ProstateX-0197,PROSTATEx/images/ProstateX-0197.nii.gz,PROSTATEx/anatomy/ProstateX-0197.nii.gz
ProstateX-0198,PROSTATEx/images/ProstateX-0198.nii.gz,PROSTATEx/anatomy/ProstateX-0198.nii.gz
ProstateX-0199,PROSTATEx/images/ProstateX-0199.nii.gz,PROSTATEx/anatomy/ProstateX-0199.nii.gz
ProstateX-0200,PROSTATEx/images/ProstateX-0200.nii.gz,PROSTATEx/anatomy/ProstateX-0200.nii.gz
ProstateX-0201,PROSTATEx/images/ProstateX-0201.nii.gz,PROSTATEx/anatomy/ProstateX-0201.nii.gz
ProstateX-0202,PROSTATEx/images/ProstateX-0202.nii.gz,PROSTATEx/anatomy/ProstateX-0202.nii.gz
ProstateX-0203,PROSTATEx/images/ProstateX-0203.nii.gz,PROSTATEx/anatomy/ProstateX-0203.nii.gz
